Omega,Grid,Supercell,Energy,RIJ-BIGMEM(s),DFT-XC(s),2e3c-CC(s),2e3c-CD(s),2e2c(s),niter
0.3,111,111,-578.1236306973,2.53,2.31,2.18,0,0.14,6
0.6,111,111,-578.1236315388,1.88,2.30,0.30,0.54,0.10,6
0.9,111,111,-578.1236182841,3.41,2.30,0.04,0.28,0.09,6
0.3,111,222,-4629.3963230057,27.13,10.45,22.61,0,0.90,6
0.6,111,222,-4629.3963225104,23.97,10.46,3.16,7.10,0.70,6
0.9,111,222,-4629.3962993476,40.96,10.49,0.27,3.63,0.68,6
0.3,111,333,-15626.1436809321,147.03,40.39,114.35,0,7.31,6
0.6,111,333,-15626.1436805200,190.98,57.53,24.44,40.27,6.68,9
0.9,111,333,-15626.1436268175,257.99,40.33,1.49,35.72,6.55,6
